Part/Designator,Manufacture Part Number/Seeed SKU,Quantity
R20,0603WAF1001T5E,1
"R13,R18,R19,R30,R31",0603WAF1002T5E,5
"R14,R15",0603WAF1502T5E,2
"R9,R10",0603WAF270JT5E,2
ROE1,0603WAF5490T5E,1
"JAB1,JCD1",10-89-7642,2
J4,1050170001,1
J1,22-28-8060,1
J2,47219-2001,1
J3,878331420,1
J5,A2541HWR-2x6P,1
"C2,C5,C10,C11,C12,C13,C31",CC0603KRX7R8BB104,7
SBus1,FCN-234P096-G/Y,1
C1,GRM21BR60J476ME15L,1
C3,GRM31CR60J157ME11L,1
DOE1,LTST-C170KRKT,1
FB1,PZ2012U221-2R0TF,1
U5,SN65220DBVR,1
"U1,U2,U3",SN74CB3T16211DGGR,3
U4,SN74CB3T3125PW,1
U_INT1,SN74LVC2G07DBVR,1
U7,TPS2065CDBVT-2,1
